aircraft_id,flight_number,scheduled_departure_min,ready_time_min,aircraft_type,service_time_min,gate,passenger_load,priority_score,delay_penalty_per_min,weather_severity
A005,DL1004,493,440,wide_body,70,G4,290,4,16.7,moderate
A001,DL1000,494,378,narrow_body,54,G5,143,5,13.79,moderate
A011,DL1010,512,420,narrow_body,51,G2,156,4,12.68,moderate
A006,DL1005,514,434,narrow_body,49,G7,121,2,8.63,moderate
A012,DL1011,514,405,narrow_body,51,G3,122,5,13.16,moderate
A014,DL1013,531,483,regional,36,G7,67,5,11.51,moderate
A004,DL1003,543,496,narrow_body,57,G4,140,2,9.2,moderate
A009,DL1008,544,429,narrow_body,52,G5,127,3,10.31,moderate
A015,DL1014,550,447,regional,34,G8,72,5,11.66,moderate
A003,DL1002,568,475,narrow_body,53,G4,179,3,11.87,moderate
A016,DL1015,613,541,narrow_body,57,G5,149,3,10.97,moderate
A013,DL1012,621,550,narrow_body,53,G7,161,3,11.33,moderate
A002,DL1001,637,555,wide_body,70,G4,295,2,13.85,moderate
A010,DL1009,642,563,regional,35,G8,49,1,4.97,moderate
A007,DL1006,670,608,narrow_body,56,G5,181,4,13.43,moderate
A008,DL1007,692,595,regional,34,G8,69,1,5.57,moderate
